id,description,url,language,country,yesterday_date,data
abc-news,"Your trusted source for breaking news, analysis, exclusive interviews, headlines, and videos at ABCNews.com.",https://abcnews.go.com,en,us,2024-06-13,"                                               author  \
0                                The Associated Press   
1   R.J. RICO Associated Press, JESSE BEDAYN Assoc...   
2                                         Devin Dwyer   
3                                        Davi Merchan   
4                                        Julia Jacobo   
..                                                ...   
90                               The Associated Press   
91                               The Associated Press   
92                               The Associated Press   
93                               The Associated Press   
94                        LORNE COOK Associated Press   

                                                title  \
0   An NYPD inspector tried to cover up his date's...   
1   Micro communities for the homeless sprout in U...   
2   Supreme Court invalidates Trump-era ban on bum...   
3   Video shows interrogation of woman accused of ...   
4   This distinct polar bear population could soon...   
..                                                ...   
90  The Latest | US national security adviser says...   
91  US reporter Evan Gershkovich, jailed in Russia...   
92  U.S. reporter Evan Gershkovich jailed in Russi...   
93  South Africa's ANC party says it has a broad a...   
94  Canada's defense investment plans put it on tr...   

                                                  url  \
0   https://abcnews.go.com/US/wireStory/nypd-inspe...   
1   https://abcnews.go.com/Business/wireStory/micr...   
2   https://abcnews.go.com/Politics/supreme-court-...   
3   https://abcnews.go.com/US/new-video-shows-inte...   
4   https://abcnews.go.com/International/prolonged...   
..                                                ...   
90  https://abcnews.go.com/International/wireStory...   
91  https://abcnews.go.com/International/wireStory...   
92  https://abcnews.go.com/International/wireStory...   
93  https://abcnews.go.com/International/wireStory...   
94  https://abcnews.go.com/International/wireStory...   

                                          description                  date  \
0   A New York Police Department inspector has bee...  2024-06-14T02:06:26Z   
1   In downtown Atlanta, shipping containers have ...  2024-06-14T05:57:49Z   
2   The Supreme Court on Friday invalidated a Trum...  2024-06-14T14:12:47Z   
3   The Marion County Sheriff's Office released in...  2024-06-13T00:44:33Z   
4   A unique population of polar bears is at risk ...  2024-06-13T15:49:03Z   
..                                                ...                   ...   
90  U.S. national security adviser Jake Sullivan h...  2024-06-13T09:34:24Z   
91  Russian officials say U.S. reporter Evan Gersh...  2024-06-13T13:33:57Z   
92  U.S. reporter Evan Gershkovich jailed in Russi...  2024-06-13T13:18:02Z   
93  South Africa's ANC party says it has a broad a...  2024-06-13T18:22:04Z   
94  Canadian Defense Minister Bill Blair says his ...  2024-06-14T15:26:20Z   

                                              content  
0   A New York Police Department inspector has bee...  
1   In downtown Atlanta, shipping containers have ...  
2   It ruled the device does not convert a semi-au...  
3   Susan Lorincz allegedly shot her neighbor Ajik...  
4   Polar bears' primary prey, the ringed seal, ar...  
..                                                ...  
90  U.S. President Joe Biden says he doesn’t expec...  
91  Russian officials say U.S. reporter Evan Gersh...  
92  U.S. reporter Evan Gershkovich jailed in Russi...  
93  South Africa's ANC party says it has a broad a...  
94  Canadian Defense Minister Bill Blair says his ...  

[95 rows x 6 columns]"
al-jazeera-english,"News, analysis from the Middle East and worldwide, multimedia and interactives, opinions, documentaries, podcasts, long reads and broadcast schedule.",https://www.aljazeera.com,en,us,2024-06-13,"               author                                              title  \
0    Al Jazeera Staff  USA vs Ireland – T20 World Cup 2024: Florida w...   
1          Al Jazeera  Chinese #MeToo activist jailed for five years ...   
2          Al Jazeera  Millions start Hajj in shadow of Israel’s war ...   
3     Frederik Kelter  For China’s booming EV industry, US and EU mar...   
4          Al Jazeera  One sailor injured, merchant ship on fire afte...   
..                ...                                                ...   
90    Lyndal Rowlands  Israel’s war on Gaza live: ‘Catastrophic hunge...   
91  Alastair Mccready  Israel’s war on Gaza live: Endless Israeli bom...   
92         Al Jazeera  Putin calls G7 deal on frozen Russian assets f...   
93       Ted Regencia  Israel’s war on Gaza live: 1 million ‘exhauste...   
94    Stephen Quillen  G7 summit live news: Leaders arrive in Italy f...   

                                                  url  \
0   https://www.aljazeera.com/sports/2024/6/13/usa...   
1   https://www.aljazeera.com/news/2024/6/14/chine...   
2   https://www.aljazeera.com/news/2024/6/14/milli...   
3   https://www.aljazeera.com/economy/2024/6/14/fo...   
4   https://www.aljazeera.com/news/2024/6/14/one-s...   
..                                                ...   
90  https://www.aljazeera.com/news/liveblog/2024/6...   
91  https://www.aljazeera.com/news/liveblog/2024/6...   
92  https://www.aljazeera.com/news/2024/6/14/putin...   
93  https://www.aljazeera.com/news/liveblog/2024/6...   
94  https://www.aljazeera.com/news/liveblog/2024/6...   

                                          description                  date  \
0   The weather in Florida could decide the fate o...  2024-06-13T23:00:31Z   
1   Journalist Sophia Huang Xueqin was detained in...  2024-06-14T06:47:01Z   
2   Rituals expected to draw more than two million...  2024-06-14T06:58:17Z   
3   Chinese EVs are facing a slew of tariffs in We...  2024-06-14T07:01:32Z   
4   The Palau-flagged, Ukrainian-owned, Polish-ope...  2024-06-14T04:58:21Z   
..                                                ...                   ...   
90  Eight-year-old Palestinian girl Hanan Al-Zaani...  2024-06-13T00:00:07Z   
91  Fighting rages around Rafah with Israel’s army...  2024-06-14T00:00:31Z   
92  Western countries have agreed to use interest ...  2024-06-14T11:14:06Z   
93  G7 demands open access for the UN Palestinian ...  2024-06-15T00:00:08Z   
94  Leaders of the Group of Seven countries are me...  2024-06-13T09:45:43Z   

                                              content  
0   The weather in Florida could decide the fate o...  
1   Journalist Sophia Huang Xueqin was detained in...  
2   Rituals expected to draw more than two million...  
3   Chinese EVs are facing a slew of tariffs in We...  
4   The Palauan-flagged, Ukrainian-owned, Polish-o...  
..                                                ...  
90  Five killed, 17 wounded in Israeli attacks on ...  
91  Medical sources tell Al Jazeera that the newbo...  
92  Western countries have agreed to use interest ...  
93  At least 28 killed, dozens wounded in Israeli ...  
94  Updates from June 13, 2024: Speaking at a G7 e...  

[95 rows x 6 columns]"
bbc-news,"Use BBC News for up-to-the-minute news, breaking news, video, audio and feature stories. BBC News provides trusted World and UK news as well as local and regional perspectives. Also entertainment, business, science, technology and health news.",https://www.bbc.co.uk/news,en,gb,2024-06-13,"                              author  \
0   https://www.facebook.com/bbcnews   
1                               None   
2                               None   
3                               None   
4   https://www.facebook.com/bbcnews   
..                               ...   
95                        Oliver Coe   
96                        Katy Scott   
97                     Sean Coughlan   
98                           Ben Chu   
99                      Hayley Coyle   

                                                title  \
0   Weekly quiz: Who did Glastonbury say was its d...   
1   Continuing coverage of the 2024 general electi...   
2               Konsa: Why John Stones is world class   
3   Watch Sportscene highlights of Germany v Scotland   
4   Second half of general election campaign kicks...   
..                                                ...   
95  The Euros will teach my son more than school s...   
96  Taylor Swift fans make earth move at Edinburgh...   
97  Kate to attend Trooping the Colour in first ev...   
98  Nigel Farage's claims on migration, voter frau...   
99  Bradford: 'Nightmare' crash in Queensbury dama...   

                                                  url  \
0           https://www.bbc.co.uk/news/world-69116499   
1   https://www.bbc.co.uk/iplayer/episode/l0056nhj...   
2           https://www.bbc.co.uk/programmes/p0j47qcl   
3   https://www.bbc.co.uk/iplayer/episode/m0020b1x...   
4   https://www.bbc.co.uk/news/live/uk-politics-69...   
..                                                ...   
95   https://www.bbc.co.uk/news/articles/cw99v7xvd0vo   
96   https://www.bbc.co.uk/news/articles/crgg81939g2o   
97   https://www.bbc.co.uk/news/articles/c4nn8j08wk4o   
98   https://www.bbc.co.uk/news/articles/c2998klx2y0o   
99   https://www.bbc.co.uk/news/articles/c0kkxnpwvqeo   

                                          description                  date  \
0   Test how closely you have been paying attentio...  2024-06-13T17:48:19Z   
1   Continuing coverage of the 2024 General Electi...  2024-06-13T05:04:30Z   
2   England defender Ezri Konsa explains how he ad...  2024-06-14T11:52:49Z   
3   Steve Clarke’s men kick off Euro 2024, taking ...  2024-06-14T22:09:00Z   
4   The BBC will have interviews with Keir Starmer...  2024-06-14T03:44:39Z   
..                                                ...                   ...   
95  Iain Meiklejohn does not want his 12-year-old ...  2024-06-13T15:16:25Z   
96  Tens of thousands of Taylor Swift fans made th...  2024-06-13T02:11:44Z   
97  New photo of Princess of Wales released as she...  2024-06-14T17:00:02Z   
98  The Reform UK leader spoke to BBC Breakfast an...  2024-06-14T16:03:03Z   
99  A white Audi crashed into a parked car with su...  2024-06-13T14:12:18Z   

                                              content  
0   It's the weekly news quiz - how closely have y...  
1    Continuing coverage of the 2024 General Elect...  
2    England defender Ezri Konsa tells the Footbal...  
3    Steve Clarke’s men kick off Euro 2024, taking...  
4    Sign up for our Election Essential newsletter...  
..                                                ...  
95  Iain and his son Aleks in front of Frankfurt c...  
96  Taylor Swift played to more than 200,000 fans ...  
97  The new photo, released by Kensington Palace, ...  
98  Reform UK leader Nigel Farage was interviewed ...  
99  The crash happened on Ford Hill, Queensbury, i...  

[100 rows x 6 columns]"
google-news,"Comprehensive, up-to-date news coverage, aggregated from sources all over the world by Google News.",https://news.google.com,en,us,2024-06-13,"      author                                              title  \
0  gregnomis  Show HN: LockChain's official launch Android only   
1  ashitvora  Show HN: Raftwise – Leave Thoughtful Comments ...   

                                                 url  \
0  https://play.google.com/store/apps/details?id=...   
1  https://chromewebstore.google.com/detail/raftw...   

                                         description                  date  \
0  After 8 months of grueling coding and ripping ...  2024-06-13T14:26:41Z   
1  Hi HN!I'm excited to share my latest project: ...  2024-06-13T06:43:58Z   

                                             content  
0  Play Pass Play Points Gift cards Redeem Refund...  
1  Google recommends using Chrome when using exte...  "
google-news-in,"Comprehensive, up-to-date India news coverage, aggregated from sources all over the world by Google News.",https://news.google.com,en,in,2024-06-13,"      author                                              title  \
0  gregnomis  Show HN: LockChain's official launch Android only   
1  ashitvora  Show HN: Raftwise – Leave Thoughtful Comments ...   

                                                 url  \
0  https://play.google.com/store/apps/details?id=...   
1  https://chromewebstore.google.com/detail/raftw...   

                                         description                  date  \
0  After 8 months of grueling coding and ripping ...  2024-06-13T14:26:41Z   
1  Hi HN!I'm excited to share my latest project: ...  2024-06-13T06:43:58Z   

                                             content  
0  Play Pass Play Points Gift cards Redeem Refund...  
1  Google recommends using Chrome when using exte...  "
the-times-of-india,"Times of India brings the Latest News and Top Breaking headlines on Politics and Current Affairs in India and around the World, Sports, Business, Bollywood News and Entertainment, Science, Technology, Health and Fitness news, Cricket and opinions from leading columnists.",http://timesofindia.indiatimes.com,en,in,2024-06-13,"             author                                              title  \
0   Nishtha Awasthi  Nifty 500 Q4 recap: Domestic cyclicals fuel st...   
1           Reuters  Israeli forces advance deeper into Rafah as di...   
2                AP  Elon Musk wins back his $44.9 billion Tesla pa...   
3      किरण सोमवंशी  What clearing vendor dues via equity means for...   
4               ANI  Rajnath Singh takes charge as Union minister b...   
..              ...                                                ...   
94          Reuters  Oil prices on track for weekly gain on solid d...   
95          Reuters  Bank of Japan to trim bond buying, keeps rates...   
96           ET Now  What to expect from largecap private banks goi...   
97  Nishtha Awasthi  F&O Stock Strategy: How to trade Cholamandalam...   
98    ETMarkets.com  Share market update: Most active stocks on D-S...   

                                                  url  \
0   https://economictimes.indiatimes.com/markets/s...   
1   https://economictimes.indiatimes.com/news/inte...   
2   https://economictimes.indiatimes.com/news/inte...   
3   https://economictimes.indiatimes.com/markets/s...   
4   https://timesofindia.indiatimes.com/india/rajn...   
..                                                ...   
94  https://economictimes.indiatimes.com/markets/c...   
95  https://economictimes.indiatimes.com/markets/s...   
96  https://economictimes.indiatimes.com/markets/e...   
97  https://economictimes.indiatimes.com/markets/o...   
98  https://economictimes.indiatimes.com/markets/s...   

                                          description                  date  \
0   A report by Motilal Oswal highlights that the ...  2024-06-13T13:11:03Z   
1   Residents said the Israeli forces thrust towar...  2024-06-13T17:52:43Z   
2   esla shareholders voted Thursday to restore CE...  2024-06-14T01:46:49Z   
3   Vodafone Idea's board approved preferential al...  2024-06-14T01:37:33Z   
4   Union minister Rajnath Singh, assuming his rol...  2024-06-13T07:51:56Z   
..                                                ...                   ...   
94  Oil prices fell on Friday, with Brent crude fu...  2024-06-14T02:27:43Z   
95  Under Governor Kazuo Ueda, the Bank of Japan a...  2024-06-14T04:03:13Z   
96  ​So, overall demand-supply outlook over the ne...  2024-06-14T04:47:32Z   
97  Over the past four trading sessions, Nifty has...  2024-06-14T04:57:57Z   
98  The NSE Nifty index was trading 44.8 points  u...  2024-06-14T05:25:18Z   

                                              content  
0   (What's moving Sensex and Nifty Track latest m...  
1   (Catch all the Business News, Breaking News, B...  
2   (Catch all the Business News, Breaking News, B...  
3   (What's moving Sensex and Nifty Track latest m...  
4   ​10 animals with unique parenting behaviours​ ...  
..                                                ...  
94  (What's moving Sensex and Nifty Track latest m...  
95  (What's moving Sensex and Nifty Track latest m...  
96  (What's moving Sensex and Nifty Track latest m...  
97  (What's moving Sensex and Nifty Track latest m...  
98  (What's moving Sensex and Nifty Track latest m...  

[99 rows x 6 columns]"
vice-news,"Vice News is Vice Media, Inc.'s current affairs channel, producing daily documentary essays and video through its website and YouTube channel. It promotes itself on its coverage of ""under - reported stories"".",https://news.vice.com,en,us,2024-06-13,"                          author  \
0         VICE Staff, Kev Kharas   
1  Sammi Caramela, Duncan Cooper   
2  Sammi Caramela, Duncan Cooper   
3  Sammi Caramela, Duncan Cooper   

                                               title  \
0  The College Student Who Lived a Secret Double ...   
1  The Pioneering Cyber Detective Who Cracked a 3...   
2  Thousands of Suspected Gang Members Moved to E...   
3                  Why Did America Abandon Route 66?   

                                                 url  \
0  https://www.vice.com/en/article/dy39xj/the-col...   
1  https://www.vice.com/en/article/jg59dk/tent-gi...   
2  https://www.vice.com/en/article/3akwpj/thousan...   
3  https://www.vice.com/en/article/z3m7y9/route-6...   

                                         description                  date  \
0  Joel Ortiz, a socially isolated teenager, stol...  2024-06-14T13:31:02Z   
1  In the 1990s, Todd Matthews used the internet ...  2024-06-13T18:15:57Z   
2  President Bukele’s anti-gang state of emergenc...  2024-06-13T18:07:56Z   
3  A road trip down its iconic path to the West C...  2024-06-14T18:59:08Z   

                                             content  
0  In May 2018, Darren Marble was attending a cry...  
1  Todd Matthews was one of the first “cyber dete...  
2  El Salvador’s press office recently released a...  
3  Established in 1926, Route 66 was a highway th...  "
bloomberg,"Bloomberg delivers business and markets news, data, analysis, and video to the world, featuring stories from Businessweek and Bloomberg News.",http://www.bloomberg.com,en,us,2024-06-13,"      author                                              title  \
0        bnn  Bird Flu Traces Emerge in Austin Sewage, Far F...   
1  Bloomberg  Bonds, stocks and gold beat Bitcoin as doubts ...   

                                                 url  \
0  https://www.bloomberg.com/news/articles/2024-0...   
1  https://www.bloomberg.com/news/articles/2024-0...   

                                         description                  date  \
0  Fragments of a potentially dangerous bird flu ...  2024-06-14T13:00:08Z   
1  Bitcoin lags behind bonds and stocks this quar...  2024-06-14T07:39:20Z   

                                             content  
0  To continue, please click the box below to let...  
1  To continue, please click the box below to let...  "
business-insider,"Business Insider is a fast-growing business site with deep financial, media, tech, and other industry verticals. Launched in 2007, the site is now the largest business news site on the web.",http://www.businessinsider.com,en,us,2024-06-13,"                                      author  \
0   insider@insider.com (Lauren Dana Ellman)   
1        lsavoie@insider.com (Lauren Savoie)   
2                                 Tom Carter   
3                              Nora Naughton   
4                             Ayelet Sheffey   
..                                       ...   
95                             Madeline Berg   
96                               Cork Gaines   
97                            Mikhaila Friel   
98                               Tim Paradis   
99                            Sabrina Cooper   

                                                title  \
0   The 11 best shampoos for color-treated hair, a...   
1   KitchenAid Classic Plus Stand Mixer review: An...   
2   Japan can't get enough of tiny EVs. Here's Hon...   
3   Ford will no longer require dealers to invest ...   
4   Some student-loan borrowers will soon get chea...   
..                                                ...   
95  How Elon Musk's massive pay package stacks up ...   
96  Gen X is feeling the negative effects of infla...   
97  The leaders at this year's G7 summit look weak...   
98  Wells Fargo fired employees accused of faking ...   
99  I'm an American who's lived in Germany for 14 ...   

                                                  url  \
0   https://www.businessinsider.com/guides/beauty/...   
1   https://www.businessinsider.com/guides/kitchen...   
2   https://www.businessinsider.com/honda-15500-ti...   
3   https://www.businessinsider.com/ford-ev-dealer...   
4   https://www.businessinsider.com/student-loan-p...   
..                                                ...   
95  https://www.businessinsider.com/elon-musks-pay...   
96  https://www.businessinsider.com/genx-hit-hard-...   
97  https://www.businessinsider.com/g7-leaders-bid...   
98  https://www.businessinsider.com/wells-fargo-fi...   
99  https://www.businessinsider.com/american-livin...   

                                          description                  date  \
0   Revive damaged strands and maintain color inte...  2024-06-14T21:31:08Z   
1   If you're a casual baker, the KitchenAid Class...  2024-06-14T15:41:44Z   
2   Honda is getting into the tiny EV game with th...  2024-06-14T12:14:24Z   
3   Ford is ending a controversial dealership prog...  2024-06-13T15:41:28Z   
4   The Education Department is placing some stude...  2024-06-13T16:54:22Z   
..                                                ...                   ...   
95  Musk's 10-year pay package, tied to financial ...  2024-06-13T14:52:03Z   
96  Inflation worries continue to rise and no grou...  2024-06-14T14:03:08Z   
97  The G7 summit was once an opportunity for lead...  2024-06-14T14:53:13Z   
98  Wells Fargo's decision to reportedly fire more...  2024-06-13T18:28:53Z   
99  I'm an American who moved to Germany 14 years ...  2024-06-14T16:59:01Z   

                                              content  
0   When you buy through our links, Business Insid...  
1   When you buy through our links, Business Insid...  
2   Japan is famous for its tiny vehicles, known a...  
3   Ford dealers no longer need to invest up to $1...  
4   Some student-loan borrowers are set to get che...  
..                                                ...  
95  The results of the Tesla shareholder vote on E...  
96  The offers and details on this page may have u...  
97  The G7 summit has long been a showcase of glob...  
98  Wells Fargo's decision to fire workers it accu...  
99  Since moving to Germany in 2010 for love, I've...  

[100 rows x 6 columns]"
fortune,Fortune 500 Daily and Breaking Business News,http://fortune.com,en,us,2024-06-13,"                                               author  \
0   Haven Daley, Olga R. Rodriguez, The Associated...   
1                     Tehmina Haider, Michael O'Leary   
2                              Mark Gurman, Bloomberg   
3                                        Peter Vanham   
4                                          Lionel Lim   
..                                                ...   
92                             Rachel Metz, Bloomberg   
93                                     Seamus Webster   
94                      Jessica Mathews, Leo Schwartz   
95               Jennifer Peltz, The Associated Press   
96    Dave Collins, Juan Lozano, The Associated Press   

                                                title  \
0   California winemakers and an international non...   
1   Climate technology forgot the consumer is stil...   
2            Apple isn’t paying OpenAI to use ChatGPT   
3   CEO Agenda: The secrets of success with Jesper...   
4   China's state media goes into overdrive after ...   
..                                                ...   
92  Hugging Face CEO says he hears from 10 AI foun...   
93  ‘You don't have to be special.’ Tom Brady, the...   
94  Kickstarter shakes up leadership team, termina...   
95  Google CEO denies offering to buy a startup fo...   
96  Notorious conspiracy theorist Alex Jones' asse...   

                                                  url  \
0   https://fortune.com/2024/06/13/california-wine...   
1   https://fortune.com/2024/06/13/climate-technol...   
2   https://fortune.com/2024/06/13/apple-not-payin...   
3   https://fortune.com/europe/2024/06/13/ceo-agen...   
4   https://fortune.com/asia/2024/06/13/china-stat...   
..                                                ...   
92  https://fortune.com/2024/06/14/hugging-face-ce...   
93  https://fortune.com/2024/06/14/tom-brady-succe...   
94  https://fortune.com/2024/06/14/kickstarter-sha...   
95  https://fortune.com/2024/06/14/google-ceo-deni...   
96  https://fortune.com/2024/06/14/alex-jones-asse...   

                                          description                  date  \
0   “We are discussing how to bring nature, how to...  2024-06-13T08:04:27Z   
1   We can’t blame consumers for climate change un...  2024-06-13T11:17:21Z   
2   Apple believes pushing OpenAI’s brand and tech...  2024-06-13T11:42:44Z   
3   CEO Agenda provides unique insights into how l...  2024-06-13T11:33:53Z   
4   The European Union will impose tariffs of up t...  2024-06-13T10:14:01Z   
..                                                ...                   ...   
92  “This year, in particular, it has increased qu...  2024-06-14T22:41:57Z   
93  Brady retired from the NFL last year as arguab...  2024-06-14T18:50:02Z   
94  The restructuring is the latest attempt by the...  2024-06-14T19:57:35Z   
95  Prosecutors alleged a startup founder told at ...  2024-06-14T20:54:21Z   
96  The court-ordered consequence is the result of...  2024-06-14T23:12:42Z   

                                              content  
0   As the head of an association of winemakers in...  
1   Tehmina Haider and Michael O’Leary lead L Catt...  
2   When Apple Inc. Chief Executive Officer Tim Co...  
3   CEO Agenda provides unique insights into how l...  
4   Eight months after it first announced its anti...  
..                                                ...  
92  A growing number of AI startup founders are lo...  
93  In Tom Brady’s closing remarks at his inductio...  
94  Crowdfunding startup Kickstarter is restructur...  
95  Google CEO Sundar Pichai testified briefly Fri...  
96   A federal judge on Friday ordered the liquida...  

[97 rows x 6 columns]"
techcrunch,"TechCrunch is a leading technology media property, dedicated to obsessively profiling startups, reviewing new Internet products, and breaking tech news.",https://techcrunch.com,en,us,2024-06-13,"               author                                              title  \
0   Aria Alamalhodaei  We’re about to learn a whole lot more about ho...   
1        Tim De Chant  Unigrid wants to make batteries cheaper and sa...   
2       Jagmeet Singh  WhatsApp adds new features to the calling expe...   
3        Kyle Wiggers  Amazon says it'll spend $230 million on genera...   
4         Sarah Perez  Apple’s Spotlight Search gets better at natura...   
5      Rebecca Bellan                                               None   
6          Ivan Mehta  Android’s long-time VP of engineering Dave Bur...   
7          Ivan Mehta  Brave integrates its own search results with i...   
8         Aisha Malik  Picsart partners with Getty Images to develop ...   
9    Lauren Forristal  Arc now features a live calendar button to hel...   
10     Christine Hall  Here’s everything Apple announced at the WWDC ...   
11   Lauren Forristal  Spotify announces an in-house creative agency,...   
12        Sarah Perez  After the Yahoo News app revamp, Yahoo preps A...   
13        Sean O'kane  Tesla and its fans waged an unprecedented batt...   
14  Aria Alamalhodaei  Albedo takes Earth observation up close and pe...   

                                                  url  \
0   https://techcrunch.com/2024/06/13/were-about-t...   
1   https://techcrunch.com/2024/06/13/unigrid-want...   
2   https://techcrunch.com/2024/06/13/whatsapp-add...   
3   https://techcrunch.com/2024/06/13/amazon-says-...   
4   https://techcrunch.com/2024/06/13/apples-spotl...   
5   https://techcrunch.com/2024/06/13/tesla-shareh...   
6   https://techcrunch.com/2024/06/12/android-engi...   
7   https://techcrunch.com/2024/06/14/brave-integr...   
8   https://techcrunch.com/2024/06/13/picsart-part...   
9   https://techcrunch.com/2024/06/14/arc-browser-...   
10  https://techcrunch.com/2024/06/13/everything-a...   
11  https://techcrunch.com/2024/06/13/spotify-crea...   
12  https://techcrunch.com/2024/06/13/after-the-ya...   
13  https://techcrunch.com/2024/06/13/tesla-musk-p...   
14  https://techcrunch.com/2024/06/14/albedo-takes...   

                                          description                  date  \
0   A sign that the renaissance is imminent appear...  2024-06-13T22:35:39Z   
1   While that’s low enough to have triggered quic...  2024-06-13T14:00:00Z   
2   WhatsApp updated the video calling experience ...  2024-06-13T15:54:57Z   
3   Amazon says that it will commit up to $230 mil...  2024-06-13T15:43:11Z   
4   With the Core Spotlight framework, developers ...  2024-06-13T17:33:48Z   
5   Welcome back to TechCrunch Mobility — your cen...  2024-06-13T17:13:14Z   
6   Android is losing one of its long-time enginee...  2024-06-13T04:56:27Z   
7   Privacy-focused search engine and web browser ...  2024-06-14T10:10:13Z   
8   Picsart, a photo-editing startup backed by Sof...  2024-06-13T15:00:00Z   
9   The Browser Company’s Arc, a web browser that ...  2024-06-14T15:41:07Z   
10  The TechCrunch team runs down all of the bigge...  2024-06-13T19:00:00Z   
11  Spotify announced on Thursday that it’s ventur...  2024-06-13T19:14:11Z   
12  Yahoo’s AI push isn’t over just yet. The compa...  2024-06-13T14:07:29Z   
13  Tesla submitted a record number of SEC filings...  2024-06-13T17:22:59Z   
14  Satellite imagery startup Albedo is preparing ...  2024-06-14T22:19:00Z   

                                              content  
0   Comment We could be entering a renaissance for...  
1   Comment If there’s one thing holding back batt...  
2   Comment WhatsApp updated the video calling exp...  
3   Comment Amazon says that it will commit up to ...  
4   Comment Even as Apple embraces AI in iOS 18, i...  
5   Comment Welcome back to TechCrunch Mobility — ...  
6   Comment Android is losing one of its long-time...  
7   Comment Privacy-focused search engine and web ...  
8   Comment Picsart, a photo-editing startup backe...  
9   Comment The Browser Company’s Arc, a web brows...  
10  Comment It’s WWDC 2024 keynote time! Each year...  
11  Comment Spotify announced on Thursday that it’...  
12  Comment Yahoo’s AI push isn’t over just yet. T...  
13  Comment The Tesla fans posted. And over the la...  
14  Comment Satellite imagery startup Albedo is pr...  "
wired,"Wired is a monthly American magazine, published in print and online editions, that focuses on how emerging technologies affect culture, the economy, and politics.",https://www.wired.com,en,us,2024-06-13,"                            author  \
0                 Laurence Russell   
1   Aarian Marshall, Morgan Meaker   
2        Kate Knibbs, Emily Mullin   
3                      Kate Knibbs   
4                      Will Knight   
5                     Joel Khalili   
6                      Leah Feiger   
7                     Makena Kelly   
8               Angela Watercutter   
9                   Michael Croley   
10                  Charlie Thomas   
11                   Martin Cizmar   
12                   Morgan Meaker   
13                      Condé Nast   
14                      Condé Nast   
15                    Nena Farrell   
16                    Ray Kurzweil   
17    Lauren Goode, Michael Calore   
18                     Steven Levy   
19                    Jason Parham   
20              Megan Farokhmanesh   
21                     Paresh Dave   
22                Eric Ravenscraft   
23                   Amanda Hoover   
24                     Steven Levy   
25                    Reece Rogers   
26                  Boone Ashworth   

                                                title  \
0   The Indie Horror Game That Launched a Surprisi...   
1   Tesla Shareholders Approve Elon Musk's Big Payday   
2   Supreme Court Upholds Access to Abortion Pill ...   
3   The Fight Against AI Comes to a Foundational D...   
4    Apple Proved That AI Is a Feature, Not a Product   
5   Sellers Call Amazon’s Buy Box ‘Abusive.’ Now T...   
6              AI Chatbots Are Running for Office Now   
7   A Billionaire Has a Plan to Save the Internet—...   
8   A Blatant Attempt to Generate a 'House of the ...   
9   The 2024 US Open Is Designed to Thwart Golf’s ...   
10  Alpine's A290 EV Has a Built-In Gran Turismo-S...   
11  The 25 Very Best Gifts for Dad, Picked By a Pi...   
12  I Spent a Week Eating Discarded Restaurant Foo...   
13  Autocomplete Interview - Walton Goggins Answer...   
14  50. Most Googled - 'The Boys' Cast Answer 'The...   
15  I’m a New Homeowner, and Here’s How to BYO Sma...   
16  The Secret to Living Past 120 Years Old? Nanobots   
17                  Thinking Different About Apple AI   
18  If Ray Kurzweil Is Right (Again), You’ll Meet ...   
19  The Anderson Cooper of Black Twitter Believes ...   
20  'Cities: Skylines II' Found a Solution for Hig...   
21  As Google Targets Advertisers, It Could Learn ...   
22  Lux vs. Lumens and Explaining Other Lighting G...   
23      LinkedIn’s AI Career Coaches Will See You Now   
24  No Matter How You Package It, Apple Intelligen...   
25  Reduce AI Hallucinations With This Neat Softwa...   
26  Artifact’s DNA Lives on in Yahoo’s Revamped AI...   

                                                  url  \
0   https://www.wired.com/story/signalis-queer-fan...   
1   https://www.wired.com/story/elon-musk-pay-pack...   
2   https://www.wired.com/story/supreme-court-upho...   
3   https://www.wired.com/story/the-fight-against-...   
4   https://www.wired.com/story/apple-intelligence...   
5   https://www.wired.com/story/amazon-buy-box-und...   
6   https://www.wired.com/story/ai-chatbots-runnin...   
7   https://www.wired.com/story/frank-mccourt-save...   
8   https://www.wired.com/story/a-blatant-attempt-...   
9   https://www.wired.com/story/the-2024-us-open-i...   
10  https://www.wired.com/story/alpines-hot-hatch-...   
11  https://www.wired.com/gallery/best-gifts-for-d...   
12  https://www.wired.com/story/too-good-to-go-app...   
13  https://www.wired.com/video/watch/google-autoc...   
14  https://www.wired.com/video/watch/wi-50-most-g...   
15  https://www.wired.com/story/you-should-byo-sma...   
16  https://www.wired.com/story/the-singularity-is...   
17  https://www.wired.com/story/gadget-lab-podcast...   
18  https://www.wired.com/story/big-interview-ray-...   
19    https://www.wired.com/story/dial-up-phil-lewis/   
20  https://www.wired.com/story/cities-skylines-ii...   
21  https://www.wired.com/story/as-google-ai-overv...   
22  https://www.wired.com/story/what-lumens-lux-an...   
23  https://www.wired.com/story/linkedin-ai-featur...   
24  https://www.wired.com/story/plaintext-apple-in...   
25  https://www.wired.com/story/reduce-ai-hallucin...   
26  https://www.wired.com/story/yahoo-news-app-rel...   

                                          description                  date  \
0   ""Signalis"" came out in 2022 to strong reviews ...  2024-06-14T11:30:00Z   
1   Elon Musk will pocket $56 billion after Tesla ...  2024-06-13T21:09:43Z   
2   The biggest battle over abortion rights since ...  2024-06-13T14:28:51Z   
3   Long-running nonprofit Common Crawl has been a...  2024-06-13T15:21:11Z   
4   Other tech companies want to sell you chatbots...  2024-06-13T16:00:00Z   
5   UK retailers have accused Amazon of using its ...  2024-06-13T09:00:00Z   
6   Meet AI Steve and VIC, the chatbots running fo...  2024-06-13T16:25:37Z   
7   Frank McCourt, the real estate mogul and forme...  2024-06-13T11:30:00Z   
8   How many gallons of blood are there in the sec...  2024-06-14T11:00:00Z   
9   Players, aided by technology, are hitting the ...  2024-06-13T10:33:47Z   
10  The French brand’s first new car in seven year...  2024-06-13T11:26:33Z   
11  Great gift ideas for your dad, including an aw...  2024-06-14T22:03:53Z   
12  Food app Too Good To Go promises to cut waste ...  2024-06-14T10:00:00Z   
13  Walton Goggins joins WIRED to answer his most ...  2024-06-13T16:00:00Z   
14  The cast of Amazon Prime Video's 'The Boys' an...  2024-06-14T16:00:00Z   
15  Some houses may come with preinstalled smart d...  2024-06-14T12:30:00Z   
16  In The Singularity Is Nearer: When We Merge Wi...  2024-06-13T10:00:00Z   
17  This week, we discuss how Apple’s approach to ...  2024-06-13T12:00:00Z   
18  The famed futurist remains inhumanly optimisti...  2024-06-13T10:00:00Z   
19  Editor and news aggregator Phil Lewis isn’t af...  2024-06-14T15:00:00Z   
20  For months, players have been complaining abou...  2024-06-14T17:45:27Z   
21  Microsoft and Google are bringing ads to their...  2024-06-14T09:00:00Z   
22  Shopping for a video or photo light? Confused ...  2024-06-13T14:00:00Z   
23  LinkedIn’s new generative AI features include ...  2024-06-13T13:00:00Z   
24  Apple is eager to show us that its approach to...  2024-06-14T13:00:00Z   
25  A buzzy process called retrieval augmented gen...  2024-06-14T12:00:00Z   
26  Artifact, the news app startup from Instagram'...  2024-06-13T13:00:00Z   

                                              content  
0   To revisit this article, visit My Profile, the...  
1   To revisit this article, visit My Profile, the...  
2   To revisit this article, visit My Profile, the...  
3   To revisit this article, visit My Profile, the...  
4   To revisit this article, visit My Profile, the...  
5   To revisit this article, visit My Profile, the...  
6   To revisit this article, visit My Profile, the...  
7   To revisit this article, visit My Profile, the...  
8   To revisit this article, visit My Profile, the...  
9   To revisit this article, visit My Profile, the...  
10  To revisit this article, visit My Profile, the...  
11  To revisit this article, visit My Profile, the...  
12  To revisit this article, visit My Profile, the...  
13  To revisit this article, visit My Profile, the...  
14  To revisit this article, visit My Profile, the...  
15  To revisit this article, visit My Profile, the...  
16  To revisit this article, visit My Profile, the...  
17  To revisit this article, visit My Profile, the...  
18  To revisit this article, visit My Profile, the...  
19  To revisit this article, visit My Profile, the...  
20  To revisit this article, visit My Profile, the...  
21  To revisit this article, visit My Profile, the...  
22  To revisit this article, visit My Profile, the...  
23  To revisit this article, visit My Profile, the...  
24  To revisit this article, visit My Profile, the...  
25  To revisit this article, visit My Profile, the...  
26  To revisit this article, visit My Profile, the...  "
bbc-sport,"The home of BBC Sport online. Includes live sports coverage, breaking news, results, video, audio and analysis on Football, F1, Cricket, Rugby Union, Rugby League, Golf, Tennis and all the main world sports, plus major events such as the Olympic Games.",http://www.bbc.co.uk/sport,en,gb,2024-06-13,"                              author  \
0   https://www.facebook.com/bbcnews   
1                               None   
2                               None   
3                               None   
4   https://www.facebook.com/bbcnews   
..                               ...   
95                        Oliver Coe   
96                        Katy Scott   
97                     Sean Coughlan   
98                           Ben Chu   
99                      Hayley Coyle   

                                                title  \
0   Weekly quiz: Who did Glastonbury say was its d...   
1   Continuing coverage of the 2024 general electi...   
2               Konsa: Why John Stones is world class   
3   Watch Sportscene highlights of Germany v Scotland   
4   Second half of general election campaign kicks...   
..                                                ...   
95  The Euros will teach my son more than school s...   
96  Taylor Swift fans make earth move at Edinburgh...   
97  Kate to attend Trooping the Colour in first ev...   
98  Nigel Farage's claims on migration, voter frau...   
99  Bradford: 'Nightmare' crash in Queensbury dama...   

                                                  url  \
0           https://www.bbc.co.uk/news/world-69116499   
1   https://www.bbc.co.uk/iplayer/episode/l0056nhj...   
2           https://www.bbc.co.uk/programmes/p0j47qcl   
3   https://www.bbc.co.uk/iplayer/episode/m0020b1x...   
4   https://www.bbc.co.uk/news/live/uk-politics-69...   
..                                                ...   
95   https://www.bbc.co.uk/news/articles/cw99v7xvd0vo   
96   https://www.bbc.co.uk/news/articles/crgg81939g2o   
97   https://www.bbc.co.uk/news/articles/c4nn8j08wk4o   
98   https://www.bbc.co.uk/news/articles/c2998klx2y0o   
99   https://www.bbc.co.uk/news/articles/c0kkxnpwvqeo   

                                          description                  date  \
0   Test how closely you have been paying attentio...  2024-06-13T17:48:19Z   
1   Continuing coverage of the 2024 General Electi...  2024-06-13T05:04:30Z   
2   England defender Ezri Konsa explains how he ad...  2024-06-14T11:52:49Z   
3   Steve Clarke’s men kick off Euro 2024, taking ...  2024-06-14T22:09:00Z   
4   The BBC will have interviews with Keir Starmer...  2024-06-14T03:44:39Z   
..                                                ...                   ...   
95  Iain Meiklejohn does not want his 12-year-old ...  2024-06-13T15:16:25Z   
96  Tens of thousands of Taylor Swift fans made th...  2024-06-13T02:11:44Z   
97  New photo of Princess of Wales released as she...  2024-06-14T17:00:02Z   
98  The Reform UK leader spoke to BBC Breakfast an...  2024-06-14T16:03:03Z   
99  A white Audi crashed into a parked car with su...  2024-06-13T14:12:18Z   

                                              content  
0   It's the weekly news quiz - how closely have y...  
1    Continuing coverage of the 2024 General Elect...  
2    England defender Ezri Konsa tells the Footbal...  
3    Steve Clarke’s men kick off Euro 2024, taking...  
4    Sign up for our Election Essential newsletter...  
..                                                ...  
95  Iain and his son Aleks in front of Frankfurt c...  
96  Taylor Swift played to more than 200,000 fans ...  
97  The new photo, released by Kensington Palace, ...  
98  Reform UK leader Nigel Farage was interviewed ...  
99  The crash happened on Ford Hill, Queensbury, i...  

[100 rows x 6 columns]"
buzzfeed,"BuzzFeed is a cross-platform, global network for news and entertainment that generates seven billion views each month.",https://www.buzzfeed.com,en,us,2024-06-13,"              author                                              title  \
0         Ada Enechi  Jesse Eisenberg, Bigfoot, And Gallons Of Sweat...   
1         Amy Glover  ""I Challenged Him To A Fight In My High School...   
2      Alexa Lisitza  From Donations, To Protests, And Even Arrests,...   
3   Hannah Dobrogosz  People Are Bravely Sharing The Most Embarrassi...   
4           BuzzFeed  Millennial Moms May Not Have It All, But They ...   
..               ...                                                ...   
60       Amber Usher  These 32 Products Can Help With Those Awkward ...   
61    Chelsea Stuart  30 Things Small Enough To Fit In Your Purse Th...   
62   Shelby Heinrich  Women Shared The Things They Avoid Doing Aroun...   
63         Emma Lord  34 Underrated Products That Will Become The Li...   
64    Courtney Lynch  Bye House, Bye Mailbox, Bye Blisters: 25 Comfy...   

                                                  url  \
0   https://www.buzzfeed.com/adaenechi/sasquatch-s...   
1   https://www.buzzfeed.com/aglover/why-people-go...   
2   https://www.buzzfeed.com/alexalisitza/celebs-s...   
3   https://www.buzzfeed.com/hannahdobro/funny-emb...   
4   https://www.buzzfeed.com/stephaniehallett/mill...   
..                                                ...   
60  https://www.buzzfeed.com/amberusher/products-c...   
61  https://www.buzzfeed.com/chelseastuart/things-...   
62  https://www.buzzfeed.com/shelbyheinrich/women-...   
63  https://www.buzzfeed.com/emmalord9/underrated-...   
64  https://www.buzzfeed.com/courtney_lynch/comfy-...   

                                          description                  date  \
0   ""I think it’s really fascinating how this crea...  2024-06-14T18:05:03Z   
1   ""The Head and Shoulders Twitter account blocke...  2024-06-14T12:04:02Z   
2   ""I don't want any innocent people to suffer."" ...  2024-06-14T00:24:49Z   
3   ""He stood up in the cart, turned around to loo...  2024-06-13T09:16:02Z   
4   ""We work more than previous generations of mot...  2024-06-13T10:16:01Z   
..                                                ...                   ...   
60  From a lotion to help with butt acne to a bra ...  2024-06-13T03:31:02Z   
61  Sunscreen sprays, handheld fans, oil-blotting ...  2024-06-13T10:01:02Z   
62  In short: Don't do anything ever.View Entire P...  2024-06-13T13:16:02Z   
63  This cleverly-designed carry-on suitcase is go...  2024-06-14T10:31:02Z   
64  ""They feel like walking on air,"" — one reviewe...  2024-06-13T13:01:02Z   

                                              content  
0   ""I think it’s really fascinating how this crea...  
1   ""The Head and Shoulders Twitter account blocke...  
2   ""I don't want any innocent people to suffer."" ...  
3   ""He stood up in the cart, turned around to loo...  
4   ""We work more than previous generations of mot...  
..                                                ...  
60  Gift Guide Beauty + Personal Care Fashion Home...  
61  Gift Guide Beauty + Personal Care Fashion Home...  
62  In short: Don't do anything ever. BuzzFeed Sta...  
63  Gift Guide Beauty + Personal Care Fashion Home...  
64  Gift Guide Beauty + Personal Care Fashion Home...  

[65 rows x 6 columns]"
medical-news-today,"Medical news and health news headlines posted throughout the day, every day.",http://www.medicalnewstoday.com,en,us,2024-06-13,"                 author                                              title  \
0           Corrie Pelc  Heart disease: How plant-based ultra-processed...   
1      Jessica Freeborn  Alzheimer's: 4 lifestyle changes may help impr...   
2   Paul Ian Cross, PhD  Weight loss: How intense exercise may backfire...   
3            Finn Cohen  IBD: Scientists find major cause that drives e...   
4      Jeanna D. Smiley  Multiple sclerosis: Can dietary choices influe...   
5            Tim Newman  Dementia: Viagra may reduce risk, help prevention   
6            Bob Curley  Lung cancer: Why non-smokers don't respond to ...   
7      Jessica Freeborn  Heart disease: Millions may no longer get prev...   
8        Katharine Lang  Colorectal cancer: How Metformin could help sl...   
9          Robby Berman  Dementia: What’s the link between depression a...   
10        Eileen Bailey  Bariatric surgery: Using weight loss drugs bef...   

                                                  url  \
0   https://www.medicalnewstoday.com/articles/plan...   
1   https://www.medicalnewstoday.com/articles/4-li...   
2   https://www.medicalnewstoday.com/articles/inte...   
3   https://www.medicalnewstoday.com/articles/scie...   
4   https://www.medicalnewstoday.com/articles/heal...   
5   https://www.medicalnewstoday.com/articles/viag...   
6   https://www.medicalnewstoday.com/articles/why-...   
7   https://www.medicalnewstoday.com/articles/17-m...   
8   https://www.medicalnewstoday.com/articles/metf...   
9   https://www.medicalnewstoday.com/articles/depr...   
10  https://www.medicalnewstoday.com/articles/obes...   

                                          description                  date  \
0   A new study suggests that consuming plant-base...  2024-06-14T14:44:40Z   
1   New research found that four lifestyle interve...  2024-06-13T15:02:36Z   
2   New research shows intense exercise may unexpe...  2024-06-13T17:29:59Z   
3   Scientists have identified a new genetic mecha...  2024-06-14T06:38:00Z   
4   A recent study has found a link between follow...  2024-06-13T16:53:16Z   
5   Sildenafil (Viagra) may improve brain blood fl...  2024-06-13T14:59:14Z   
6   Researchers have honed in on two genetic mutat...  2024-06-13T08:27:00Z   
7   The American Heart Association recently update...  2024-06-14T15:27:58Z   
8   A new cell study has shown the common type 2 d...  2024-06-14T15:46:11Z   
9   A new study demonstrates that depression may w...  2024-06-14T15:39:06Z   
10  Researchers say people with extreme obesity wh...  2024-06-14T07:21:00Z   

                                              content  
0   About 58% of a typical Western diet includes u...  
1   Receiving a dementia diagnosis can be devastat...  
2   Exercise involves taking part in physical acti...  
3   Scientists at the Francis Crick Institute in L...  
4   Multiple sclerosis (MS) is a chronic, autoimmu...  
5   According to a recent study published in Circu...  
6   Non-smokers who develop non-small cell lung ca...  
7   Doctors have to make tough choices about presc...  
8   Metformin is a common treatment for type 2 dia...  
9   A new study demonstrates a bidirectional relat...  
10  People with extreme obesity who are considerin...  "
